Accident_Index,longitude,latitude,Police_Force,Accident_Severity,Number_of_Vehicles,Number_of_Casualties,Day_of_Week,Time,Local_Authority_(District),Local_Authority_(Highway),1st_Road_Class,1st_Road_Number,Road_Type,Speed_limit,Junction_Detail,Junction_Control,2nd_Road_Class,2nd_Road_Number,Pedestrian_Crossing-Human_Control,Pedestrian_Crossing-Physical_Facilities,Light_Conditions,Weather_Conditions,Road_Surface_Conditions,Special_Conditions_at_Site,Carriageway_Hazards,Urban_or_Rural_Area,Did_Police_Officer_Attend_Scene_of_Accident,LSOA_of_Accident_Location,Date
20800,77.67298021,12.99742061,1,3,2,1,7,08:25,22,E09000024,3,217,6,30,2,4,3,217,0,0,1,1,1,0,0,1,1,E01003374,10-09-2018
20801,77.61160442,12.98449263,1,3,2,1,6,20:56,22,E09000024,3,219,6,30,3,2,4,235,0,0,4,1,2,0,0,1,1,E01003401,09-09-2018
20802,77.64187948,12.98544549,1,2,1,1,1,00:33,22,E09000024,5,0,6,30,0,-1,-1,0,0,0,4,1,1,0,0,1,1,E01003407,18-09-2018
20803,77.56057649,13.04102471,1,3,2,1,1,11:00,22,E09000024,3,24,6,30,3,4,6,0,0,0,1,1,1,0,0,1,1,E01003356,18-09-2018
20804,77.55359547,12.98683254,1,3,2,1,7,18:50,22,E09000024,3,238,6,30,3,4,4,281,0,1,1,1,1,0,0,1,2,E01003446,24-09-2018
20805,77.588625,12.98976195,1,3,2,1,2,16:16,22,E09000024,3,238,6,30,3,2,3,219,0,5,1,1,1,0,0,1,1,E01003355,19-09-2018
20806,77.63640495,13.01027545,1,3,2,1,2,07:20,22,E09000024,4,281,2,30,6,4,6,0,0,0,1,1,1,0,0,1,1,E01003460,19-09-2018
20807,77.5148987,12.97162746,1,3,3,2,5,00:19,22,E09000024,4,279,6,30,0,-1,-1,0,0,0,4,1,1,0,0,1,1,E01003467,15-09-2018
20808,77.60490084,13.01160585,1,3,2,1,6,10:08,22,E09000024,6,0,6,30,0,-1,-1,0,0,0,1,1,1,0,0,1,1,E01003359,23-09-2018
20809,77.54603974,13.01855789,1,3,2,1,5,17:38,22,E09000024,3,236,6,30,3,2,3,239,0,5,1,1,1,0,0,1,1,E01003375,22-09-2018
20810,77.52230415,13.03893128,1,2,2,1,7,13:10,22,E09000024,5,0,6,30,6,4,6,0,0,0,1,1,1,0,0,1,1,E01003438,24-09-2018
20811,77.53166263,13.034738,1,3,1,1,2,19:55,22,E09000024,4,286,6,30,3,2,3,24,0,5,4,1,1,0,0,1,1,E01003439,19-09-2018
20812,77.66988428,12.99106721,1,3,1,1,7,14:25,22,E09000024,6,0,6,30,0,-1,-1,0,0,0,1,1,1,0,0,1,1,E01003416,24-09-2018
20813,77.62145216,12.98513958,1,3,1,1,4,11:59,22,E09000024,4,235,6,30,3,4,5,0,0,1,1,1,1,0,0,1,1,E01003399,21-09-2018
20814,77.58763088,13.02757168,1,3,2,1,6,17:01,22,E09000024,6,0,6,30,8,4,6,0,0,0,1,1,2,0,0,1,1,E01003464,23-09-2018
20815,77.58803401,12.99456756,1,3,1,1,3,15:30,22,E09000024,3,24,6,30,0,-1,-1,0,0,0,1,1,1,0,0,1,1,E01003427,27-09-2018
20816,77.65788291,12.9920551,1,3,2,1,3,14:25,22,E09000024,3,236,6,30,3,4,6,0,0,0,1,1,1,0,0,1,1,E01003389,13-09-2018
20817,77.61648343,12.97156577,1,3,1,1,4,16:08,10,E09000032,3,217,6,30,3,4,6,0,0,0,1,1,1,0,0,1,1,E01004529,28-09-2018
20818,77.61735025,13.0189826,1,3,1,1,5,09:00,22,E09000024,3,239,6,30,3,4,6,0,0,0,1,1,1,0,0,1,1,E01003375,29-09-2018
20819,77.61445866,13.01136734,1,3,2,1,4,13:34,22,E09000024,3,218,6,30,0,-1,-1,0,0,0,1,1,1,0,0,1,1,E01003475,28-09-2018
20820,77.5103419,13.01841102,1,3,1,1,4,16:30,21,E09000029,3,232,6,30,0,-1,-1,0,0,0,1,1,1,0,0,1,2,E01004099,28-09-2018
20821,77.55073276,13.0294475,1,3,2,1,7,13:30,21,E09000029,3,24,6,30,3,4,6,0,0,0,1,1,1,0,0,1,1,E01004131,24-09-2018
20822,77.55745955,13.04010478,1,3,1,1,6,19:19,22,E09000024,3,217,6,30,7,4,6,0,0,4,4,1,1,0,0,1,2,E01003372,23-09-2018
20823,77.53185702,13.00498758,1,3,2,1,3,09:00,22,E09000024,3,238,6,30,6,2,3,219,0,5,1,1,1,0,0,1,2,E01003355,13-09-2018
20824,77.59248064,13.02437835,1,3,1,1,5,13:00,22,E09000024,3,218,6,30,3,4,6,0,0,0,1,1,1,0,0,1,1,E01003478,15-09-2018
20825,77.59576037,13.04166993,1,3,1,1,4,17:22,22,E09000024,3,238,3,30,3,2,3,298,0,0,1,1,1,0,0,1,1,E01003366,05-10-2018
20826,77.57656548,12.97167578,1,3,2,1,5,09:03,22,E09000024,3,217,3,30,3,4,6,0,0,0,1,1,1,0,0,1,1,E01003374,29-09-2018
20827,77.64138661,12.97662577,1,3,3,1,7,20:30,22,E09000024,3,238,6,30,3,2,3,298,0,5,4,1,1,0,0,1,1,E01003366,01-10-2018
20828,77.54976815,13.02751518,1,3,3,2,5,08:00,22,E09000024,4,278,3,30,3,4,3,239,0,0,1,1,1,0,0,1,1,E01003451,29-09-2018
20829,77.58244111,13.00076193,1,3,1,1,7,14:00,22,E09000024,3,236,6,30,3,4,6,0,0,0,1,1,1,0,0,1,1,E01003410,01-10-2018
20830,77.63659445,13.04233351,1,3,1,1,7,12:30,22,E09000024,3,219,6,30,3,2,3,219,0,5,1,1,1,0,0,1,1,E01003456,01-10-2018
20831,77.63842676,13.0282744,1,3,1,1,6,11:35,22,E09000024,3,217,6,30,3,4,6,0,0,5,1,1,1,0,0,1,1,E01003368,30-09-2018
20832,77.54300025,12.97112383,1,3,1,1,1,14:10,22,E09000024,3,238,3,30,0,-1,-1,0,0,5,1,1,1,0,0,1,1,E01003355,09-10-2018
20833,77.52005451,12.98129329,1,2,1,1,2,09:26,22,E09000024,4,272,6,30,6,2,5,0,0,5,1,1,1,0,0,1,1,E01003435,14-03-2018
20834,77.60882449,12.99652129,1,3,2,2,4,20:08,22,E09000024,4,272,6,30,6,2,5,0,0,0,4,9,1,0,0,1,1,E01003435,12-10-2018
20835,77.67300207,13.04639641,1,3,1,2,7,14:30,22,E09000024,4,279,9,30,9,4,6,0,0,0,1,9,1,0,0,1,2,E01003471,08-10-2018
20836,77.56514332,13.04127046,1,3,1,1,4,18:40,22,E09000024,5,0,6,30,9,4,6,0,0,1,4,2,2,0,0,1,1,E01003460,12-10-2018
20837,77.59327372,13.03482359,1,2,1,1,7,07:35,22,E09000024,6,0,6,30,3,4,6,0,0,0,1,1,1,0,0,1,1,E01003457,01-10-2018
20838,77.67175438,13.02961297,1,3,2,3,4,17:47,22,E09000024,5,0,6,30,3,4,6,0,0,0,1,2,2,0,0,1,1,E01003435,12-10-2018
20839,77.6746931,12.98251709,1,2,1,1,7,16:20,22,E09000024,6,0,6,30,3,4,6,0,0,0,1,1,2,0,0,1,1,E01003412,01-10-2018
20840,77.54248532,12.98442316,1,3,2,1,2,17:49,22,E09000024,5,0,6,30,3,4,6,0,0,1,4,1,1,0,0,1,1,E01003461,10-10-2018
20841,77.53372672,13.00908852,1,3,3,2,2,13:27,22,E09000024,6,0,6,30,3,2,6,0,0,0,1,1,1,4,0,1,1,E01003411,17-10-2018
20842,77.59098477,13.00404376,1,3,2,1,2,12:35,22,E09000024,3,239,6,30,3,4,6,0,0,1,1,2,2,0,0,1,1,E01003375,22-08-2018
20843,77.59428872,13.04688748,1,3,1,1,5,15:02,22,E09000024,4,278,6,30,0,-1,-1,0,0,0,1,1,1,0,0,1,1,E01003452,13-10-2018
20844,77.67198446,12.97867652,1,3,1,1,6,12:45,22,E09000024,3,297,3,30,3,2,6,0,0,5,1,1,1,0,0,1,1,E01003453,07-10-2018
20845,77.67482914,12.98871593,1,3,2,1,7,15:15,22,E09000024,3,217,6,30,7,2,5,0,0,5,1,1,1,0,0,1,1,E01003379,08-10-2018
20846,77.56775699,12.97155703,1,3,2,1,6,16:00,23,E09000021,3,3,3,30,0,-1,-1,0,0,0,1,1,1,0,0,1,1,E01002953,30-09-2018
20847,77.62167024,13.02632223,1,3,1,1,2,15:00,22,E09000024,4,235,6,30,6,4,6,0,0,0,1,1,1,0,0,1,1,E01003402,17-10-2018
20848,77.66963685,13.01718858,1,3,4,1,5,11:35,22,E09000024,3,24,6,30,3,4,6,0,0,0,1,1,1,0,0,1,1,E01003370,13-10-2018
20849,77.64277924,12.98244851,1,2,2,4,7,17:56,22,E09000024,3,217,6,30,3,4,6,0,0,0,1,1,1,0,0,1,1,E01003437,22-10-2018
20850,77.67441006,13.02634379,1,2,2,1,6,08:54,22,E09000024,3,24,6,30,7,2,3,24,0,5,1,1,1,0,0,1,1,E01003367,14-10-2018
20851,77.67618112,13.01822029,1,3,2,2,1,09:10,22,E09000024,6,0,1,30,1,4,4,286,0,1,1,1,1,0,0,1,1,E01003362,16-10-2018
20852,77.54245334,12.97935564,1,3,1,1,1,12:40,22,E09000024,3,238,6,30,3,2,3,218,0,5,1,1,1,0,0,1,1,E01003359,23-10-2018
20853,77.62007873,13.01309051,1,3,1,1,5,23:02,22,E09000024,3,24,6,30,3,4,6,0,2,5,4,1,1,0,0,1,1,E01003357,27-10-2018
20854,77.55780167,12.98840223,1,3,1,1,1,04:05,22,E09000024,3,217,6,30,7,2,3,236,0,5,4,1,2,0,0,1,1,E01003379,16-10-2018
20855,77.50989243,13.04662405,1,3,1,1,3,14:59,22,E09000024,3,219,6,30,0,-1,-1,0,0,5,1,1,1,0,0,1,1,E01003358,18-10-2018
20856,77.52399579,13.02517772,1,3,2,1,5,08:55,22,E09000024,6,0,6,30,3,4,6,0,0,0,1,1,1,0,0,1,2,E01003362,20-10-2018
20857,77.60901354,12.9787649,1,2,2,1,2,06:38,22,E09000024,4,272,6,30,6,2,4,272,0,5,4,2,2,0,0,1,1,E01003433,31-10-2018
20858,77.5658226,13.01816304,1,3,1,1,6,19:50,22,E09000024,4,272,6,30,3,4,6,0,0,0,4,1,1,0,0,1,1,E01003139,28-10-2018
20859,77.52459462,13.03895562,1,3,2,1,4,22:15,21,E09000029,3,217,6,30,8,4,6,0,0,0,4,1,1,0,0,1,1,E01004129,26-10-2018
20860,77.58240466,12.9719442,1,3,1,1,6,14:50,21,E09000029,3,24,6,30,6,4,3,24,0,1,1,1,1,0,0,1,1,E01003417,28-10-2018
20861,77.56390758,13.01611812,1,3,2,1,7,16:10,22,E09000024,3,236,6,30,3,2,3,236,0,5,1,1,1,0,0,1,1,E01003408,29-10-2018
20862,77.55951295,12.97097708,1,3,2,1,5,23:50,22,E09000024,4,279,6,30,3,4,6,0,0,0,4,1,1,0,0,1,1,E01003467,27-10-2018
20863,77.59436126,13.03509707,1,3,1,1,7,16:02,22,E09000024,4,272,6,30,0,-1,-1,0,0,0,1,1,1,0,0,1,1,E01003433,29-10-2018
20864,77.54799049,13.02105492,1,3,2,1,1,12:15,22,E09000024,3,297,6,30,8,4,6,0,0,0,1,1,1,0,0,1,1,E01003439,30-10-2018
20865,77.6655709,13.03372973,1,3,2,1,2,18:25,22,E09000024,3,238,6,30,3,4,6,0,0,0,4,2,2,0,0,1,1,E01003356,24-10-2018
20866,77.63289008,13.02664836,1,3,2,1,5,10:05,22,E09000024,3,219,6,30,2,4,6,0,0,0,1,1,1,0,0,1,1,E01003461,27-10-2018
20867,77.65358676,13.02176799,1,3,2,1,1,07:25,22,E09000024,3,217,6,30,3,2,3,239,0,5,1,1,1,0,0,1,1,E01003374,09-10-2018
20868,77.52629643,12.9861217,1,3,2,1,4,08:46,22,E09000024,6,0,6,30,3,4,4,235,0,0,1,1,1,0,0,1,1,E01003402,02-11-2018
20869,77.61401384,12.98516685,1,3,1,1,4,17:59,21,E09000029,3,24,6,30,6,4,3,24,0,8,6,2,2,0,0,1,1,E01004134,02-11-2018
20870,77.55415282,12.97575011,1,3,2,1,7,09:25,22,E09000024,3,238,6,30,7,4,6,0,0,0,1,2,2,0,0,1,1,E01003423,22-10-2018
20871,77.50853426,13.01855291,1,2,2,1,6,13:15,22,E09000024,3,238,6,30,3,4,6,0,0,0,1,1,1,0,0,1,1,E01003356,14-10-2018
20872,77.52791285,13.00603867,1,3,1,1,6,21:20,22,E09000024,3,24,6,30,3,4,6,0,0,0,4,1,1,0,0,1,1,E01003367,04-11-2018
20873,77.59842241,13.02751249,1,3,3,3,7,08:58,22,E09000024,4,286,6,30,0,-1,-1,0,0,1,1,2,2,0,0,1,1,E01003361,29-10-2018
20874,77.52518767,12.97754171,1,3,2,1,2,18:25,22,E09000024,5,0,6,30,3,4,6,0,0,1,4,5,2,0,0,1,1,E01003373,31-10-2018
20875,77.67981917,13.0225155,1,2,2,1,5,19:36,22,E09000024,6,0,6,30,0,-1,-1,0,0,0,4,1,1,0,0,1,1,E01003448,03-11-2018
20876,77.6407179,13.0156973,1,3,2,1,4,13:25,22,E09000024,5,0,6,30,3,4,5,0,0,0,1,2,2,0,0,1,1,E01003386,03-08-2018
20877,77.59137736,12.9731164,1,3,2,1,6,09:30,10,E09000032,3,218,6,30,6,4,3,218,0,0,1,1,1,0,0,1,2,E01003478,04-11-2018
20878,77.51488024,12.99261069,1,3,1,1,4,19:30,22,E09000024,3,219,6,30,3,4,6,0,0,1,4,1,1,0,0,1,2,E01003383,26-10-2018
20879,77.53300863,12.99354146,1,3,1,2,5,10:08,22,E09000024,3,219,3,30,3,4,5,0,0,0,1,2,2,0,0,1,1,E01003355,03-11-2018
20880,77.61021765,12.98909333,1,2,1,1,3,06:19,22,E09000024,3,217,6,30,3,4,5,0,0,0,4,1,2,0,0,1,1,E01003437,08-11-2018
20881,77.61775381,12.99684103,1,2,2,1,4,18:57,22,E09000024,6,0,6,30,3,4,3,219,0,0,4,2,2,0,0,1,1,E01003461,02-11-2018
20882,77.540048,12.98485527,1,3,2,1,4,23:27,22,E09000024,4,285,6,30,3,4,6,0,0,4,4,2,2,0,0,1,1,E01003383,28-09-2018
20883,77.63980109,13.03808979,1,3,2,1,7,21:10,22,E09000024,3,238,6,30,3,4,6,0,0,0,4,1,1,0,0,1,2,E01003359,05-11-2018
20884,77.55994439,13.03034508,1,3,3,1,2,18:45,22,E09000024,5,0,6,30,1,4,5,0,0,0,4,1,2,0,0,1,1,E01003435,07-11-2018
20885,77.58580046,13.0257052,1,3,1,1,3,11:05,22,E09000024,6,0,6,30,0,-1,-1,0,0,0,1,4,1,0,0,1,2,E01003423,08-11-2018
20886,77.59874164,12.98712124,1,3,1,1,6,09:27,22,E09000024,3,238,6,30,6,2,3,219,0,5,1,1,1,0,0,1,1,E01003355,04-11-2018
20887,77.5972942,13.01510364,1,3,1,1,6,07:45,22,E09000024,3,216,6,30,3,2,6,0,0,0,1,1,1,0,0,1,1,E01003392,04-11-2018
20888,77.6033593,12.99364987,1,3,2,1,4,20:56,22,E09000024,5,0,6,30,6,4,5,0,0,0,4,1,1,0,0,1,1,E01003466,09-11-2018
20889,77.51066253,12.98741511,1,3,2,1,4,20:23,22,E09000024,5,0,6,30,3,4,3,217,0,0,4,1,1,0,0,1,1,E01003409,09-11-2018
20890,77.51444449,13.03986367,1,3,1,1,1,15:20,22,E09000024,3,239,6,30,3,4,3,237,0,0,1,1,1,0,0,1,3,E01003375,09-10-2018
20891,77.60044716,13.04035281,1,3,2,1,3,07:15,22,E09000024,3,237,6,30,3,4,3,239,0,0,1,2,2,0,0,1,1,E01003375,15-11-2018
20892,77.57702335,13.02901907,1,3,2,1,1,12:38,22,E09000024,3,297,6,30,3,2,4,286,0,5,1,1,1,0,0,1,1,E01003439,13-11-2018
20893,77.52560053,12.97213558,1,3,3,2,1,22:07,22,E09000024,3,217,6,30,0,-1,-1,0,0,0,4,1,1,0,0,1,1,E01003368,13-11-2018
20894,77.59657024,12.99885015,1,3,2,1,7,13:45,22,E09000024,6,0,6,30,3,4,6,0,0,0,1,1,1,0,0,1,1,E01003391,22-10-2018
20895,77.52985918,13.02018445,1,3,2,1,3,23:13,22,E09000024,3,24,6,30,3,2,6,0,0,5,4,1,1,0,0,1,1,E01003356,15-11-2018
20896,77.55378199,12.96945554,1,2,1,1,3,10:15,22,E09000024,3,217,2,30,0,-1,-1,0,0,0,1,1,2,0,0,1,1,E01003374,15-11-2018
20897,77.61347693,13.02553561,1,2,2,1,5,19:20,22,E09000024,6,0,6,30,3,4,6,0,0,0,4,1,1,0,0,1,1,E01003436,24-11-2018
20898,77.57931516,12.97337836,1,2,1,2,2,11:30,22,E09000024,3,238,6,30,3,4,5,0,0,0,1,1,1,0,0,1,1,E01003356,14-11-2018
20899,77.55946668,12.9903281,1,3,1,1,1,14:26,22,E09000024,6,0,6,30,3,4,6,0,0,0,1,1,1,0,0,1,1,E01003391,27-11-2018
20900,77.54430249,13.04079642,1,3,2,1,2,08:42,22,E09000024,3,239,6,30,3,2,6,0,0,5,1,8,1,0,0,1,1,E01003375,28-11-2018
20901,77.65607961,13.02451384,1,3,2,1,3,07:05,22,E09000024,3,24,1,30,1,4,3,24,0,0,1,2,2,0,0,1,1,E01003439,22-11-2018
20902,77.62851675,13.00169486,1,3,2,1,3,17:15,22,E09000024,3,219,6,30,3,4,6,0,0,0,1,1,1,0,0,1,1,E01003460,15-11-2018
20903,77.53893415,12.97602918,1,2,3,5,5,08:36,22,E09000024,3,238,6,30,3,4,6,0,0,0,1,1,1,0,0,1,1,E01003359,17-11-2018
20904,77.59375828,13.00681716,1,3,1,1,6,20:50,22,E09000024,3,24,6,30,0,-1,-1,0,0,0,4,1,1,0,0,1,1,E01003426,25-11-2018
20905,77.67927281,13.02399669,1,3,1,1,7,21:15,22,E09000024,3,239,6,30,3,4,6,0,0,4,4,1,1,0,0,1,1,E01003440,03-12-2018
20906,77.59340694,13.02697613,1,3,2,1,5,09:15,22,E09000024,3,236,6,40,6,2,4,272,0,0,1,2,2,0,0,1,1,E01003375,01-12-2018
20907,77.55117646,13.03526544,1,3,2,1,7,01:20,21,E09000029,3,24,6,30,6,4,3,24,0,0,4,8,2,0,0,1,1,E01004134,03-12-2018
20908,77.52277391,12.99629912,1,3,2,1,3,12:13,22,E09000024,3,219,6,30,3,4,6,0,0,1,1,1,1,0,0,1,1,E01003355,29-11-2018
20909,77.63796382,12.99414525,1,3,3,1,3,15:30,22,E09000024,3,236,6,30,3,4,6,0,0,0,1,1,1,0,0,1,2,E01003379,22-11-2018
20910,77.59116158,12.98720971,1,3,2,1,4,18:00,22,E09000024,6,0,6,30,3,4,6,0,0,0,4,1,1,0,0,1,1,E01003464,16-11-2018
20911,77.59403666,12.98985712,1,3,2,1,4,14:05,22,E09000024,3,217,3,30,3,4,6,0,0,0,1,1,1,0,0,1,1,E01003374,30-11-2018
20912,77.6222418,13.04762965,1,3,2,1,6,12:28,22,E09000024,3,238,6,30,6,4,4,285,0,0,1,1,1,0,0,1,2,E01003384,18-11-2018
20913,77.51918017,12.9865233,1,3,2,1,4,14:40,22,E09000024,3,298,3,30,0,-1,-1,0,0,0,1,1,1,0,0,1,1,E01003381,30-11-2018
20914,77.67651646,13.01012638,1,3,2,1,6,08:30,22,E09000024,6,0,6,30,0,-1,-1,0,0,0,1,1,1,0,0,1,1,E01003403,25-11-2018
20915,77.55316889,13.02618541,1,3,2,1,4,15:41,22,E09000024,3,236,2,30,3,2,3,217,0,5,5,1,1,0,0,1,1,E01003379,16-11-2018
20916,77.59789273,13.02847913,1,3,1,1,2,17:20,22,E09000024,3,219,6,30,9,2,6,0,0,5,4,1,2,0,0,1,1,E01003383,21-11-2018
20917,77.60624489,12.9802523,1,2,2,3,7,23:38,22,E09000024,5,0,6,30,9,4,5,0,0,0,4,7,2,0,0,1,1,E01003469,19-11-2018
20918,77.56180717,13.02174044,1,3,2,1,6,00:01,22,E09000024,3,297,6,30,3,2,4,286,0,5,4,1,1,0,0,1,1,E01003439,25-11-2018
20919,77.55059665,12.97655087,1,3,2,1,5,04:40,22,E09000024,3,218,6,30,3,4,6,0,0,0,4,2,2,0,0,1,2,E01003473,01-12-2018
20920,77.52941023,13.0386736,1,3,2,1,4,18:40,22,E09000024,3,218,6,30,3,4,6,0,0,0,4,1,2,0,0,1,1,E01003477,30-11-2018
20921,77.53137823,13.02377407,1,2,1,1,6,15:30,22,E09000024,3,217,6,30,3,2,3,239,0,5,1,2,2,0,0,1,1,E01003374,02-12-2018
20922,77.56069516,12.99554905,1,3,2,1,5,19:01,22,E09000024,3,236,6,30,6,4,5,0,0,0,1,1,2,0,0,1,1,E01003410,08-12-2018
20923,77.62647395,13.00290346,1,3,1,1,3,15:39,22,E09000024,6,0,6,30,0,-1,-1,0,0,0,4,1,1,0,0,1,1,E01003438,06-12-2018
20924,77.6514168,13.01637447,1,2,2,1,3,12:10,22,E09000024,6,0,6,30,0,-1,-1,0,0,0,1,1,1,0,0,1,1,E01003406,06-12-2018
20925,77.53702355,13.03930713,1,3,2,1,4,09:05,22,E09000024,3,238,6,30,6,2,3,219,0,5,1,1,1,0,0,1,1,E01003355,16-11-2018
20926,77.60646521,13.03533753,1,3,2,1,2,19:13,22,E09000024,3,219,6,30,3,4,5,0,0,0,7,1,1,0,0,1,2,E01003355,28-11-2018
20927,77.64305578,12.97095799,1,2,2,1,6,12:15,22,E09000024,3,219,6,30,3,4,4,281,0,0,1,1,2,0,0,1,1,E01003460,02-12-2018
20928,77.51401839,12.98948455,1,3,2,1,4,11:00,22,E09000024,5,0,6,30,3,4,6,0,0,0,1,1,1,0,0,1,2,E01003408,30-11-2018
20929,77.59013264,12.98211757,1,3,3,3,5,20:35,22,E09000024,4,235,6,30,3,4,6,0,0,0,4,2,2,0,0,1,1,E01003399,08-12-2018
20930,77.56954833,13.00268363,1,3,2,3,3,12:49,10,E09000032,3,218,6,30,3,4,6,0,0,0,1,1,1,0,0,1,2,E01004597,22-11-2018
20931,77.61014633,13.04578783,1,3,2,1,5,09:27,22,E09000024,5,0,6,30,3,4,3,218,0,0,1,1,2,0,0,1,1,E01003454,08-12-2018
20932,77.61360278,12.97043019,1,3,2,1,2,08:00,22,E09000024,3,219,6,30,6,2,3,238,0,0,1,1,1,0,0,1,2,E01003355,28-11-2018
20933,77.55415715,13.00025026,1,2,1,1,4,16:00,22,E09000024,3,24,3,30,7,2,3,24,0,0,1,1,1,0,0,1,1,E01003427,14-12-2018
20934,77.58116682,13.04238477,1,3,2,1,2,17:36,22,E09000024,6,0,6,30,3,4,6,0,0,0,4,1,1,0,0,1,1,E01003357,12-12-2018
20935,77.5171381,13.00673699,1,3,2,1,4,19:33,22,E09000024,4,235,6,30,3,2,5,0,0,5,4,1,1,0,0,1,1,E01003399,14-12-2018
20936,77.61649598,12.98480755,1,3,2,1,7,15:15,22,E09000024,3,24,3,30,6,2,6,0,0,5,1,1,1,0,0,1,1,E01003356,10-12-2018
20937,77.54771166,13.04450535,1,3,1,1,3,22:33,22,E09000024,6,0,6,30,3,4,6,0,0,0,4,1,2,0,0,1,1,E01003376,29-11-2018
20938,77.57236934,13.03957824,1,3,3,1,3,13:40,22,E09000024,4,235,6,30,8,4,6,0,0,0,1,1,1,0,0,1,1,E01003475,13-12-2018
20939,77.6782503,12.97509049,1,3,3,1,3,20:40,22,E09000024,3,217,6,30,3,2,3,239,0,5,4,1,1,0,0,1,1,E01003374,13-12-2018
20940,77.52556908,12.97506247,1,3,2,1,6,14:40,22,E09000024,3,238,6,30,6,2,3,219,0,5,1,1,2,0,0,1,1,E01003355,16-12-2018
20941,77.61671644,12.9834512,1,3,2,1,5,18:45,22,E09000024,3,24,3,30,3,2,6,0,0,0,4,1,1,0,0,1,1,E01003356,15-12-2018
20942,77.59092455,13.03015684,1,3,2,1,6,18:46,22,E09000024,4,282,6,30,8,4,6,0,0,0,4,2,2,0,0,1,1,E01003471,02-12-2018
20943,77.63768021,12.99101585,1,3,1,1,3,21:10,22,E09000024,6,0,7,30,0,-1,-1,0,0,0,4,1,1,0,0,1,1,E01003387,13-12-2018
20944,77.63567354,13.02465359,1,3,1,1,4,17:45,22,E09000024,3,238,6,30,3,4,3,238,0,0,4,1,1,0,0,1,1,E01003446,21-12-2018
20945,77.53796466,12.96810515,1,3,2,1,5,15:28,22,E09000024,3,236,3,30,3,4,6,0,0,1,1,1,1,0,0,1,1,E01003405,22-12-2018
20946,77.60905963,12.98422368,1,3,2,1,6,10:15,22,E09000024,3,298,3,40,6,2,4,279,0,5,1,4,2,0,0,1,1,E01003471,16-12-2018
20947,77.64809565,12.97511204,1,3,3,1,5,16:28,22,E09000024,3,236,6,30,3,4,6,0,0,0,4,1,1,0,0,1,1,E01003405,22-12-2018
20948,77.62752228,13.03041921,1,3,2,1,2,08:19,22,E09000024,3,24,6,30,3,4,4,285,0,0,1,1,1,0,0,1,1,E01003426,19-12-2018
20949,77.62853061,13.01339933,1,3,3,1,3,18:00,22,E09000024,4,286,6,30,3,4,6,0,0,0,1,1,1,0,0,1,1,E01003366,13-12-2018
20950,77.52092066,13.0384501,1,2,1,1,7,19:30,22,E09000024,5,0,6,30,3,4,5,0,0,0,4,1,1,0,0,1,1,E01003383,24-12-2018
20951,77.59791271,12.98351631,1,3,2,1,3,14:20,22,E09000024,6,0,6,30,3,4,6,0,0,0,1,1,2,0,0,1,1,E01003368,27-12-2018
20952,77.51539896,12.99604898,1,3,2,1,5,19:10,22,E09000024,3,217,6,30,3,4,6,0,0,0,4,8,2,0,0,1,1,E01003388,29-12-2018
20953,77.62137356,12.96763157,1,3,1,1,7,17:28,22,E09000024,4,285,6,30,8,4,6,0,0,0,4,9,1,0,0,1,1,E01003383,24-12-2018
20954,77.55252932,13.0426739,1,3,2,1,4,14:18,22,E09000024,3,219,6,30,0,-1,-1,0,0,4,1,1,1,0,0,1,1,E01003402,28-12-2018
20955,77.54431054,13.01022461,1,3,2,1,5,13:00,22,E09000024,5,0,6,30,6,3,6,0,0,0,1,9,1,0,0,1,2,E01003460,22-12-2018
20956,77.5610837,13.02433663,1,3,3,3,4,16:59,22,E09000024,3,3,2,30,5,4,3,3,0,0,4,1,1,0,0,1,1,E01003470,21-12-2018
20957,77.64997087,13.04330127,1,3,3,1,2,18:34,22,E09000024,4,286,6,30,3,4,6,0,0,0,1,1,1,0,0,1,1,E01003361,28-11-2018
20958,77.67906395,13.01893774,1,3,4,1,1,15:00,22,E09000024,3,238,3,30,0,-1,-1,0,0,0,1,1,1,0,0,1,2,E01003428,11-12-2018
20959,77.55753537,13.03761717,1,3,2,1,5,02:10,22,E09000024,3,237,6,30,3,4,6,0,0,0,4,1,1,0,0,1,1,E01003375,24-11-2018
20960,77.61343629,13.00362277,1,3,2,1,3,09:15,22,E09000024,3,239,6,30,0,-1,-1,0,0,0,1,1,1,0,0,1,2,E01003375,13-12-2018
20961,77.56689193,13.0294797,1,3,2,3,6,13:59,22,E09000024,5,0,6,30,7,4,6,0,0,0,1,1,2,0,0,1,1,E01003469,30-12-2018
20962,77.65830719,12.96803372,1,3,1,1,2,08:40,22,E09000024,3,238,6,30,0,-1,-1,0,0,4,1,1,1,0,0,1,2,E01003446,26-09-2018
20963,77.65957148,12.97493358,1,3,2,1,6,07:15,22,E09000024,3,219,6,30,0,-1,-1,0,0,0,4,1,1,0,0,1,1,E01003358,16-12-2018
20964,77.67316676,13.02717785,1,3,2,1,1,00:07,22,E09000024,3,217,6,30,3,4,6,0,0,0,4,1,2,0,0,1,1,E01003441,09-10-2018
20965,77.52864437,12.98352747,1,3,3,3,1,13:45,22,E09000024,3,219,6,30,3,2,5,0,0,5,1,2,2,0,0,1,2,E01003356,06-11-2018
20966,77.59670344,13.0012384,1,3,2,2,2,19:44,22,E09000024,3,24,6,30,0,-1,-1,0,0,0,4,1,1,0,0,1,2,E01003367,21-11-2018
20967,77.52280557,13.01288421,1,3,1,4,4,17:00,22,E09000024,3,238,6,30,0,-1,-1,0,0,0,1,1,1,0,0,1,2,E01003360,28-09-2018
20968,77.5711799,13.04173894,1,3,2,1,7,16:45,22,E09000024,4,286,6,30,2,4,6,0,0,0,4,1,1,0,0,1,1,E01003362,15-10-2018
20969,77.58420002,12.98521619,1,3,2,1,5,08:00,22,E09000024,6,0,6,30,0,-1,-1,0,0,0,1,1,1,0,0,1,2,E01003419,20-10-2018
20970,77.63613993,12.96733253,1,2,1,1,4,13:40,22,E09000024,3,236,6,30,0,-1,-1,0,0,5,1,1,1,0,0,1,2,E01003389,14-12-2018
20971,77.60993373,13.01523599,1,3,1,1,4,16:44,10,E09000032,5,0,6,30,3,2,3,3036,0,5,1,1,1,0,0,1,1,E01004551,05-01-2018
20972,77.58166193,13.04392911,1,3,2,1,1,16:40,10,E09000032,5,0,6,30,3,4,3,217,0,0,4,2,2,0,0,1,1,E01004529,09-01-2018
20973,77.60789607,12.9893217,1,3,2,1,4,17:25,10,E09000032,6,0,6,30,0,-1,-1,0,0,0,4,1,1,0,0,1,1,E01004573,05-01-2018
20974,77.62972862,13.02480714,1,3,2,1,3,19:50,10,E09000032,3,24,6,30,6,2,6,0,0,5,4,2,2,0,0,1,1,E01004611,04-01-2018
20975,77.66652714,13.01497567,1,3,1,1,4,15:30,10,E09000032,3,3205,6,30,0,-1,-1,0,0,1,1,1,1,0,0,1,1,E01004539,05-01-2018
20976,77.62736766,12.96693548,1,3,1,1,7,09:00,10,E09000032,3,217,6,30,0,-1,-1,0,0,0,1,1,1,0,0,1,1,E01004525,01-01-2018
20977,77.58355604,13.01142838,1,3,1,1,3,19:05,10,E09000032,6,0,6,30,0,-1,-1,0,0,0,4,2,2,0,0,1,1,E01004575,04-01-2018
20978,77.53966265,13.01430286,1,3,2,1,3,18:55,10,E09000032,3,3,6,30,8,4,6,0,0,0,4,1,1,0,0,1,2,E01004499,04-01-2018
20979,77.51556311,13.02594131,1,3,3,1,4,12:05,10,E09000032,3,306,6,30,3,4,6,0,0,0,1,1,1,0,0,1,1,E01004569,05-01-2018
20980,77.54451504,12.99098055,1,3,2,1,4,18:06,10,E09000032,3,24,6,30,3,4,6,0,0,0,4,1,1,0,0,1,1,E01004613,05-01-2018
20981,77.53198814,12.97304066,1,3,2,1,5,14:50,10,E09000032,3,3036,6,30,3,4,6,0,0,1,1,1,1,0,0,1,1,E01004589,06-01-2018
20982,77.53433494,13.00939865,1,2,2,1,5,08:05,10,E09000032,3,3,6,30,3,4,6,0,0,0,1,1,2,0,0,1,1,E01004514,06-01-2018
20983,77.60797032,13.03594339,1,3,2,1,6,09:41,10,E09000032,3,3220,6,30,6,2,5,0,0,5,1,1,1,0,0,1,1,E01004583,07-01-2018
20984,77.64825992,12.98138516,1,2,2,1,5,17:05,10,E09000032,3,214,3,40,0,-1,-1,0,0,0,4,1,1,0,0,1,1,E01004621,06-01-2018
20985,77.64199372,12.96811823,1,3,1,1,6,21:12,10,E09000032,3,3,6,30,0,-1,-1,0,0,0,4,1,1,0,0,1,1,E01004631,07-01-2018
20986,77.55544106,13.040235,1,3,2,1,6,07:05,10,E09000032,3,217,1,30,1,2,3,217,0,5,4,1,1,0,0,1,1,E01004509,07-01-2018
20987,77.56523635,12.97787544,1,3,1,1,7,00:29,10,E09000032,3,3,6,30,6,2,4,229,0,5,4,8,2,0,0,1,1,E01004552,08-01-2018
20988,77.56364251,13.0148344,1,3,1,2,7,13:30,10,E09000032,6,0,6,30,6,4,6,0,0,0,1,1,1,0,0,1,1,E01004526,08-01-2018
20989,77.56038435,13.03838319,1,3,1,1,3,01:12,10,E09000032,6,0,6,30,0,-1,-1,0,0,0,4,1,1,0,0,1,1,E01004576,11-01-2018
20990,77.6315372,12.97548116,1,3,2,1,4,18:15,10,E09000032,3,3036,6,30,6,4,6,0,0,0,4,1,1,0,0,1,1,E01004586,12-01-2018
20991,77.52177293,12.99290146,1,3,3,2,4,22:20,10,E09000032,3,214,6,30,3,2,6,0,0,5,4,1,1,0,0,1,1,E01004524,12-01-2018
20992,77.64835889,13.00851446,1,3,2,1,6,12:00,10,E09000032,3,24,6,30,3,4,6,0,0,0,1,1,1,0,0,1,1,E01004548,14-01-2018
20993,77.61070974,12.98066451,1,3,2,1,6,11:30,10,E09000032,3,205,6,30,3,4,5,0,0,1,1,1,1,0,0,1,1,E01004476,14-01-2018
20994,77.66931273,13.01677653,1,3,2,1,7,21:00,10,E09000032,3,217,6,30,3,4,6,0,0,0,4,1,2,0,0,1,1,E01004614,01-01-2018
20995,77.52518499,12.97369782,1,3,1,1,3,08:48,10,E09000032,3,3,6,30,0,-1,-1,0,0,0,1,1,1,0,0,1,2,E01004503,18-01-2018
20996,77.53865712,13.0281664,1,3,2,1,5,09:29,9,E09000022,3,3036,6,30,6,2,4,224,0,5,1,1,1,0,0,1,1,E01003038,13-01-2018
20997,77.5319641,12.97339983,1,3,2,1,5,08:28,10,E09000032,3,3,6,30,3,3,6,0,0,0,1,1,1,0,0,1,1,E01004627,13-01-2018
20998,77.5884081,12.99597319,1,3,1,1,7,15:48,10,E09000032,3,3,6,30,0,-1,-1,0,0,0,1,1,1,0,0,1,1,E01004509,22-01-2018
20999,77.61946258,13.00026798,1,3,2,2,5,07:05,10,E09000032,3,3205,6,30,0,-1,-1,0,0,0,1,1,1,0,0,1,1,E01004540,13-01-2018
21000,77.56843892,13.01380992,1,3,2,1,5,10:50,10,E09000032,3,3,3,40,0,-1,-1,0,0,0,1,1,1,0,0,1,2,E01004573,13-01-2018
21001,77.56088683,13.01644941,1,3,1,1,5,13:50,10,E09000032,3,3036,6,30,0,-1,-1,0,0,1,1,1,1,0,0,1,1,E01004510,13-01-2018
21002,77.6453608,13.01494359,1,3,2,1,7,08:40,10,E09000032,3,3205,6,30,0,-1,-1,0,0,0,1,1,2,0,0,1,1,E01004539,15-01-2018
21003,77.65373875,12.99611926,1,3,2,3,1,04:35,10,E09000032,3,3220,6,30,6,2,3,3036,0,5,4,1,1,0,0,1,1,E01004585,16-01-2018
21004,77.67489282,13.01670663,1,3,2,1,3,14:15,10,E09000032,3,219,6,30,0,-1,-1,0,0,0,1,1,1,0,0,1,2,,11-01-2018
21005,77.51129532,13.00082736,1,3,3,2,6,13:51,24,E09000027,3,205,6,30,3,4,5,0,0,0,1,1,1,0,0,1,1,E01004639,14-01-2018
21006,77.54920806,13.00949574,1,3,2,1,6,19:05,10,E09000032,3,3036,6,30,6,2,3,3220,0,5,4,1,1,0,0,1,1,E01004585,14-01-2018
21007,77.53742241,12.96830632,1,3,3,1,7,12:25,10,E09000032,3,214,1,30,1,2,3,3205,0,5,1,1,1,0,0,1,1,E01004509,15-01-2018
21008,77.58391065,12.96690077,1,3,2,2,2,08:25,10,E09000032,3,24,6,30,0,-1,-1,0,0,0,1,1,1,0,0,1,1,E01004481,17-01-2018
21009,77.67093623,12.9856754,1,3,2,1,6,19:40,10,E09000032,6,0,6,30,3,4,6,0,0,0,4,1,1,0,0,1,1,E01004537,07-01-2018
21010,77.62819606,12.97650617,1,3,2,1,1,13:59,24,E09000027,5,0,6,30,6,2,3,205,0,5,1,1,1,0,0,1,1,E01004575,16-01-2018
21011,77.66153192,13.04616274,1,2,1,1,7,02:45,10,E09000032,3,3036,6,30,0,-1,-1,0,0,0,4,1,1,0,0,1,1,E01004551,01-01-2018
21012,77.63731024,12.96955816,1,3,2,2,1,22:15,10,E09000032,3,217,6,30,3,4,6,0,0,0,4,1,1,0,0,1,2,E01004496,16-01-2018
21013,77.51400209,12.98557159,1,3,2,1,2,23:20,10,E09000032,3,3036,6,30,3,4,6,0,0,0,4,2,2,0,0,1,1,E01004551,17-01-2018
21014,77.53586191,13.03815251,1,3,1,1,2,16:05,10,E09000032,3,3205,6,30,0,-1,-1,0,0,4,1,2,2,0,0,1,1,E01004578,17-01-2018
21015,77.52437903,12.97144565,1,3,2,1,2,09:00,10,E09000032,3,205,6,30,3,4,6,0,0,0,1,1,1,0,0,1,1,E01004640,17-01-2018
21016,77.55843859,13.0095058,1,3,1,1,3,22:45,10,E09000032,3,217,6,30,3,4,6,0,0,0,4,1,1,0,0,1,1,E01004495,18-01-2018
21017,77.61194624,13.00947598,1,3,2,1,3,13:20,10,E09000032,3,3205,6,30,3,3,5,0,0,0,1,1,1,0,0,1,1,E01004561,18-01-2018
21018,77.67175053,13.02972649,1,2,2,1,3,22:30,10,E09000032,3,3205,6,30,3,4,6,0,0,0,4,1,1,0,0,1,2,E01004567,18-01-2018
21019,77.51871751,12.99572758,1,3,2,1,3,08:15,10,E09000032,3,214,6,30,0,-1,-1,0,0,0,1,1,1,0,0,1,1,E01004510,18-01-2018
21020,77.51535679,13.04045332,1,3,2,1,3,07:19,10,E09000032,3,219,6,30,3,2,6,0,0,5,4,2,2,0,0,1,1,E01004501,18-01-2018
21021,77.61194473,12.99943559,1,3,2,1,3,09:10,10,E09000032,3,3,6,30,3,4,6,0,0,0,1,1,1,0,0,1,2,E01004554,18-01-2018
21022,77.57455188,12.96966247,1,3,2,1,6,08:55,10,E09000032,6,0,6,30,3,4,3,3,0,0,1,1,1,0,0,1,1,E01004554,21-01-2018
21023,77.52593762,13.04516271,1,3,3,1,6,02:44,10,E09000032,3,3205,6,30,0,-1,-1,0,0,0,4,1,2,0,0,1,1,E01004534,21-01-2018
21024,77.64736869,12.99444141,1,3,1,1,6,11:12,10,E09000032,4,229,6,30,0,-1,-1,0,0,0,1,1,1,0,0,1,1,E01004557,21-01-2018
21025,77.55830544,13.03067978,1,3,2,1,7,12:04,10,E09000032,3,3036,6,30,3,4,6,0,0,0,1,1,1,0,0,1,1,E01004589,22-01-2018
21026,77.58438955,13.02638264,1,3,1,1,7,11:50,10,E09000032,3,3,6,30,3,2,3,205,0,5,1,1,1,0,0,1,1,E01004554,22-01-2018
21027,77.65223439,13.03156253,1,3,2,1,7,09:20,10,E09000032,3,214,6,30,3,2,3,214,0,5,1,1,1,0,0,1,1,E01004549,22-01-2018
21028,77.66386065,13.00521463,1,3,2,1,1,16:30,10,E09000032,3,3205,3,30,0,-1,-1,0,0,0,1,1,1,0,0,1,1,E01004541,23-01-2018
21029,77.65803036,13.00207287,1,3,1,1,2,22:06,10,E09000032,3,3205,6,30,0,-1,-1,0,0,0,4,1,1,0,0,1,1,E01004578,24-01-2018
21030,77.61299751,13.0072941,1,3,2,1,5,15:12,10,E09000032,3,3036,6,30,0,-1,-1,0,0,0,1,1,1,0,0,1,1,E01004508,13-01-2018
21031,77.59534678,12.98959427,1,3,1,1,3,08:30,10,E09000032,3,205,6,30,3,2,3,219,0,5,1,1,1,0,0,1,1,E01004506,18-01-2018
21032,77.55665854,12.99998202,1,3,2,1,3,14:30,10,E09000032,3,205,6,30,3,4,6,0,0,5,1,1,1,0,0,1,1,E01004609,18-01-2018
21033,77.54052138,13.0330126,1,3,2,1,7,10:20,10,E09000032,3,3205,6,30,3,4,6,0,0,0,1,1,1,0,0,1,1,E01004537,22-01-2018
21034,77.63454169,12.99886271,1,3,2,1,5,18:20,10,E09000032,3,219,6,30,3,2,5,0,0,5,1,1,1,0,0,1,1,E01004643,27-01-2018
21035,77.51035969,12.99381781,1,3,2,1,5,07:10,10,E09000032,3,3,6,30,3,4,6,0,0,0,1,1,1,0,0,1,1,E01004628,27-01-2018
21036,77.58498036,13.04458813,1,3,2,2,5,11:48,10,E09000032,6,0,6,30,6,4,6,0,0,0,1,1,1,0,0,1,1,E01004519,27-01-2018
21037,77.57825692,13.00417428,1,3,1,1,1,13:00,10,E09000032,5,0,1,30,2,4,6,0,0,0,1,1,1,0,0,1,1,E01004588,30-01-2018
21038,77.62411852,13.0100356,1,3,4,2,6,14:03,10,E09000032,5,0,6,30,3,4,6,0,0,0,1,2,2,0,0,1,1,E01004617,28-01-2018
21039,77.57407607,12.96919378,1,3,2,1,4,17:45,10,E09000032,4,237,6,30,0,-1,-1,0,0,0,4,1,1,0,0,1,2,E01004550,12-01-2018
21040,77.53938368,13.01236782,1,3,2,1,2,08:07,10,E09000032,3,3,6,30,7,4,3,205,0,5,1,1,1,0,0,1,1,E01004499,24-01-2018
21041,77.58189739,13.01158794,1,3,2,1,4,17:00,10,E09000032,5,0,6,20,3,4,6,0,0,1,4,1,1,0,0,1,2,E01004560,26-01-2018
21042,77.61125561,12.98618951,1,3,2,1,5,14:15,10,E09000032,6,0,6,30,3,4,6,0,0,0,1,1,1,0,0,1,2,E01004609,27-01-2018
21043,77.58242394,12.97217498,1,3,2,1,2,12:34,10,E09000032,3,219,6,30,0,-1,-1,0,0,0,1,1,1,0,0,1,1,E01004603,31-01-2018
21044,77.67238959,12.98012908,1,2,2,1,2,07:42,10,E09000032,3,214,6,30,3,4,6,0,0,0,1,1,1,0,0,1,1,E01004626,31-01-2018
21045,77.58234513,13.01797384,1,3,2,1,5,08:45,10,E09000032,6,0,6,30,3,4,3,3,0,0,1,1,1,0,0,1,2,E01004628,20-01-2018
21046,77.58698801,12.98610409,1,3,2,1,3,19:00,10,E09000032,3,217,1,30,2,4,4,235,0,1,4,2,2,0,0,1,1,E01004492,25-01-2018
21047,77.61357769,13.00504241,1,3,2,1,4,19:20,10,E09000032,3,306,6,30,3,4,6,0,0,0,4,1,1,0,0,1,2,E01004642,26-01-2018
21048,77.55249441,13.01955519,1,3,2,1,5,10:05,10,E09000032,5,0,6,30,6,4,6,0,0,0,1,1,1,0,0,1,1,E01004537,27-01-2018
21049,77.63470996,12.98270359,1,3,2,1,2,09:23,10,E09000032,6,0,6,30,3,4,6,0,0,0,1,9,1,0,0,1,1,E01004606,31-01-2018
21050,77.59026627,13.01968787,1,3,3,1,2,14:00,10,E09000032,3,217,6,30,3,2,6,0,0,0,1,1,1,0,0,1,3,E01004496,17-01-2018
21051,77.51705778,13.01682531,1,2,2,1,2,14:17,10,E09000032,3,214,3,50,0,-1,-1,0,0,0,1,1,1,0,0,1,1,E01004510,31-01-2018
21052,77.57620141,13.0039762,1,3,2,1,6,07:10,10,E09000032,6,0,6,30,6,4,6,0,0,0,1,1,1,0,0,1,1,E01004638,21-01-2018
21053,77.59939302,12.99866202,1,3,2,1,5,08:45,10,E09000032,3,214,6,30,0,-1,-1,0,0,0,1,1,2,0,0,1,2,E01004481,20-01-2018
21054,77.62678194,13.01815536,1,3,2,1,3,07:38,10,E09000032,6,0,6,30,3,4,6,0,0,0,1,2,2,0,0,1,1,E01004530,25-01-2018
21055,77.5266077,13.03856435,1,3,1,1,7,19:15,10,E09000032,3,214,6,30,3,2,4,237,0,5,4,2,2,0,0,1,1,E01004549,29-01-2018
21056,77.65334516,13.04208133,1,2,1,1,5,09:56,10,E09000032,3,3216,6,30,0,-1,-1,0,0,0,1,1,1,0,0,1,1,E01004565,27-01-2018
21057,77.61887969,13.00928739,1,3,1,1,6,18:30,10,E09000032,3,205,6,30,3,3,5,0,0,0,4,1,1,0,0,1,1,E01004507,21-01-2018
21058,77.58060268,12.99892678,1,3,4,3,7,01:30,10,E09000032,3,3036,6,30,6,4,6,0,0,0,4,1,1,0,0,1,1,E01004591,19-02-2018
21059,77.5893574,13.02370026,1,3,3,1,4,12:40,10,E09000032,3,3,6,30,0,-1,-1,0,0,0,1,1,1,0,0,1,1,E01004628,26-01-2018
21060,77.66668793,13.00262439,1,3,2,1,4,08:53,10,E09000032,3,3,6,30,3,4,6,0,0,0,1,1,1,0,0,1,1,E01004554,02-02-2018
21061,77.52493351,12.98785696,1,2,2,1,4,14:01,10,E09000032,3,214,6,30,3,4,6,0,0,0,1,1,1,0,0,1,1,E01004548,02-02-2018
21062,77.53858946,13.03557704,1,3,2,1,4,14:35,10,E09000032,3,219,6,30,3,4,6,0,0,0,1,1,1,0,0,1,1,E01004609,02-02-2018
21063,77.6051117,12.97252396,1,3,2,1,3,07:05,10,E09000032,5,0,6,30,6,2,3,217,0,5,1,1,1,0,0,1,1,E01004496,01-02-2018
21064,77.58309552,13.04284229,1,2,2,1,7,11:22,10,E09000032,3,24,6,30,6,4,5,0,0,0,1,1,1,0,0,1,1,E01004474,05-02-2018
21065,77.52914148,12.97106344,1,3,2,1,6,09:10,10,E09000032,6,0,6,30,0,-1,-1,0,0,0,1,1,1,0,0,1,2,E01004475,04-02-2018
21066,77.66301414,13.01110505,1,2,2,1,1,08:05,10,E09000032,3,24,6,30,3,4,6,0,0,0,1,2,2,0,0,1,1,E01004474,06-02-2018
21067,77.59315082,13.04191,1,3,2,1,6,08:15,24,E09000027,3,205,6,30,3,4,6,0,0,0,1,1,1,0,0,1,1,E01004639,04-02-2018
21068,77.51134868,12.98229544,1,3,2,1,3,12:15,10,E09000032,3,3205,6,30,3,4,6,0,0,0,1,1,1,0,0,1,1,E01004538,08-02-2018
21069,77.51856061,13.03714145,1,3,1,1,5,19:44,10,E09000032,3,218,6,30,3,2,6,0,0,5,4,1,1,0,0,1,1,E01004593,03-02-2018
21070,77.59090818,13.01400827,1,3,2,1,3,15:15,10,E09000032,6,0,6,30,3,4,6,0,0,0,1,1,1,0,0,1,1,E01004535,08-02-2018
21071,77.58222015,12.99290254,1,3,3,1,7,07:20,10,E09000032,3,24,6,30,6,2,3,217,0,5,1,2,2,0,0,1,1,E01004525,12-02-2018
21072,77.60149268,13.00709071,1,3,2,1,7,21:22,10,E09000032,6,0,6,30,8,4,6,0,0,0,4,1,1,0,0,1,1,E01004476,05-02-2018
21073,77.52201197,12.97397486,1,2,2,2,3,18:52,10,E09000032,3,217,6,30,3,4,6,0,0,0,4,1,1,0,0,1,1,E01004492,08-02-2018
21074,77.52376404,12.98796756,1,3,2,1,7,14:25,10,E09000032,6,0,6,30,3,4,6,0,0,0,1,1,1,0,0,1,1,E01004576,12-02-2018
21075,77.5919587,13.00220024,1,3,2,1,4,00:01,10,E09000032,3,219,6,30,3,4,5,0,0,0,4,1,1,0,0,1,1,E01004643,09-02-2018
21076,77.65654279,13.00972104,1,3,2,1,7,01:06,10,E09000032,3,214,6,30,3,4,5,0,0,0,4,1,2,0,0,1,1,E01004482,12-02-2018
21077,77.65422423,12.97258904,1,3,2,1,4,17:30,9,E09000022,3,3205,6,30,6,2,3,3036,0,5,4,1,1,0,0,1,1,E01004562,16-02-2018
21078,77.51296626,12.98653674,1,3,2,2,2,07:55,10,E09000032,6,0,6,30,6,4,6,0,0,0,1,1,1,0,0,1,1,E01004618,14-02-2018
21079,77.54811811,13.00113278,1,3,2,1,2,15:50,10,E09000032,3,24,6,30,0,-1,-1,0,0,5,1,1,1,0,0,1,1,E01004488,14-02-2018
21080,77.57309296,13.0058288,1,3,2,1,3,08:37,10,E09000032,3,214,6,30,3,4,5,0,0,0,1,1,1,0,0,1,1,E01004482,15-02-2018
21081,77.61040375,12.99927371,1,3,2,2,6,07:00,10,E09000032,6,0,6,30,3,4,6,0,0,0,1,2,2,0,0,1,1,E01004575,11-02-2018
21082,77.5258542,12.99498493,1,3,2,1,5,23:53,10,E09000032,3,3216,6,30,3,2,4,224,0,0,4,2,2,0,0,1,1,E01004564,10-02-2018
21083,77.64731583,12.99642679,1,3,2,1,5,10:18,10,E09000032,5,0,6,30,3,4,6,0,0,0,1,1,2,0,0,1,1,E01004645,10-02-2018
21084,77.59330332,12.97792646,1,3,2,1,6,08:45,9,E09000022,3,3216,6,30,0,-1,-1,0,0,0,1,1,1,0,0,1,3,E01004590,18-02-2018
21085,77.52563785,12.97689309,1,3,3,2,5,14:30,10,E09000032,5,0,6,30,0,-1,-1,0,0,0,1,8,2,0,0,1,1,E01004561,17-02-2018
21086,77.56735854,13.01009326,1,3,2,1,4,19:10,10,E09000032,3,3205,3,30,6,2,5,0,0,5,4,2,2,0,0,1,1,E01004541,23-02-2018
21087,77.51847651,12.99816758,1,3,2,1,5,18:00,24,E09000027,3,205,6,30,3,4,6,0,0,5,4,2,2,0,0,1,1,E01004641,17-02-2018
21088,77.59789482,13.0192579,1,3,2,1,7,11:18,10,E09000032,3,3220,6,30,3,4,6,0,0,1,1,1,1,0,0,1,1,E01004540,19-02-2018
21089,77.61940673,13.02007486,1,3,3,1,2,18:58,10,E09000032,5,0,6,30,6,4,6,0,0,0,4,2,2,0,0,1,1,E01004532,21-02-2018
21090,77.60989564,12.98254603,1,3,1,1,2,16:00,10,E09000032,5,0,6,30,0,-1,-1,0,0,0,1,3,2,0,0,1,1,E01004617,21-02-2018
21091,77.51539524,13.01963628,1,3,2,1,2,11:12,10,E09000032,3,3205,2,30,6,2,5,0,0,5,1,1,1,0,0,1,1,E01004578,21-02-2018
21092,77.65387481,12.96750379,1,3,2,1,2,17:30,10,E09000032,3,214,3,30,3,4,6,0,0,0,4,2,2,0,0,1,1,E01004622,21-02-2018
21093,77.60341661,13.04472071,1,3,2,1,1,12:51,10,E09000032,6,0,6,30,3,4,6,0,0,0,1,1,1,0,0,1,1,E01004524,20-02-2018
21094,77.5637651,13.00717345,1,3,1,1,4,10:34,10,E09000032,3,3036,6,30,0,-1,-1,0,0,1,1,3,2,0,0,1,1,E01004589,23-02-2018
21095,77.63891979,13.00117085,1,3,2,1,4,15:41,10,E09000032,6,0,6,30,0,-1,-1,0,0,0,1,3,2,0,0,1,1,E01004544,23-02-2018
21096,77.6142806,13.01577696,1,3,1,1,3,22:00,10,E09000032,3,3220,6,30,6,2,3,3036,0,5,4,1,2,0,0,1,1,E01004585,22-02-2018
21097,77.60198966,13.02105699,1,3,2,1,1,12:51,10,E09000032,3,214,6,30,0,-1,-1,0,0,0,1,1,1,0,0,1,1,E01004481,13-02-2018
21098,77.63148544,13.00583595,1,3,3,1,1,14:00,10,E09000032,3,217,6,30,0,-1,-1,0,0,0,1,1,1,0,0,1,1,E01004616,27-02-2018
21099,77.61236238,13.01061783,1,3,1,1,2,23:50,10,E09000032,3,218,6,30,0,-1,-1,0,0,0,4,1,2,0,0,1,1,E01004598,28-02-2018
21100,77.5787996,13.03938158,1,3,1,1,5,18:15,10,E09000032,3,214,6,30,3,4,6,0,0,0,4,8,2,0,0,1,1,E01004549,24-02-2018
21101,77.52298991,12.9693559,1,3,4,2,6,18:00,10,E09000032,6,0,6,30,6,4,6,0,0,0,4,2,2,0,0,1,1,E01004585,25-02-2018
21102,77.58830252,12.98984885,1,3,1,1,5,08:23,10,E09000032,3,205,6,30,6,2,3,219,0,5,1,2,2,0,0,1,1,E01004506,24-02-2018
21103,77.60661937,12.97643849,1,3,2,1,2,08:41,10,E09000032,6,0,6,30,3,4,3,205,0,0,1,3,4,0,0,1,1,E01004554,28-02-2018
21104,77.60177033,12.96941547,1,3,2,1,7,18:00,10,E09000032,3,217,6,30,3,4,6,0,0,0,4,8,2,0,0,1,2,E01004496,26-02-2018
21105,77.6085731,12.96915274,1,3,2,1,1,12:20,10,E09000032,3,3205,2,30,6,2,3,3220,0,0,1,8,1,0,0,1,1,E01004540,13-02-2018
21106,77.67844811,13.03585252,1,2,2,1,4,15:40,10,E09000032,3,24,6,30,3,4,6,0,0,0,1,6,2,0,0,1,1,E01004548,23-02-2018
21107,77.61853929,13.0387684,1,3,1,1,6,19:36,10,E09000032,4,237,6,30,0,-1,-1,0,0,8,4,1,2,0,0,1,1,E01004476,25-02-2018
21108,77.55831239,12.98334184,1,3,3,1,3,16:00,10,E09000032,3,3216,6,30,0,-1,-1,0,0,0,1,1,1,0,0,1,3,E01004561,08-03-2018
21109,77.5853878,13.01490209,1,3,2,3,4,07:30,10,E09000032,3,218,6,30,3,4,5,0,0,0,1,1,2,0,0,1,1,E01004598,02-03-2018
21110,77.66654822,13.03043028,1,3,1,1,2,16:00,10,E09000032,6,0,6,30,0,-1,-1,0,0,0,1,1,1,0,0,1,1,E01004536,28-02-2018
21111,77.63511347,13.0275281,1,3,2,1,6,09:00,10,E09000032,3,3205,6,30,3,4,6,0,0,0,1,1,1,0,0,1,2,E01004538,11-03-2018
21112,77.67073558,13.03748213,1,3,2,1,7,20:30,10,E09000032,3,214,3,40,0,-1,-1,0,0,0,4,1,2,0,0,1,1,E01004538,26-02-2018
21113,77.64395908,13.02853025,1,3,3,1,1,14:30,10,E09000032,3,217,3,30,0,-1,-1,0,0,0,1,1,1,0,0,1,3,E01004616,27-02-2018
21114,77.66151646,13.01003169,1,3,2,1,4,09:30,10,E09000032,3,3036,6,30,6,4,6,0,0,0,1,1,2,0,0,1,1,E01004586,02-03-2018
21115,77.65758092,12.99476613,1,3,2,1,7,22:42,10,E09000032,3,3,6,30,3,4,6,0,0,0,4,1,1,0,0,1,1,E01004502,05-03-2018
21116,77.65011206,13.01734243,1,3,3,1,3,11:40,10,E09000032,3,217,2,30,3,4,6,0,0,0,1,2,2,0,0,1,1,E01004525,01-03-2018
21117,77.61298299,13.02608023,1,3,2,1,2,22:00,10,E09000032,3,214,6,30,7,2,4,237,0,5,4,1,1,0,0,1,1,E01004549,14-03-2018
21118,77.59943593,12.97396322,1,2,2,1,2,15:45,10,E09000032,3,214,3,30,6,2,3,3,0,5,1,1,1,0,0,1,1,E01004510,14-03-2018
21119,77.64490532,13.0009759,1,3,2,1,1,04:50,10,E09000032,3,214,6,30,3,4,6,0,0,0,4,1,1,0,0,1,1,E01004622,06-03-2018
21120,77.63287908,13.02695794,1,2,2,1,1,12:30,10,E09000032,3,3031,6,30,0,-1,-1,0,0,0,1,1,1,0,0,1,3,E01004582,06-03-2018
21121,77.54093536,13.00450598,1,3,2,1,2,11:05,10,E09000032,3,3205,3,30,0,-1,-1,0,0,5,1,1,1,0,0,1,1,E01004538,07-03-2018
21122,77.6089424,13.03751292,1,3,1,1,6,20:16,10,E09000032,3,24,6,30,3,4,6,0,0,0,4,1,1,0,0,1,1,E01004617,04-03-2018
21123,77.59364955,13.04132303,1,3,2,1,5,09:28,10,E09000032,3,3,6,30,3,4,6,0,0,0,1,1,1,0,0,1,1,E01004514,03-03-2018
21124,77.56994731,12.98240888,1,3,2,1,1,21:52,10,E09000032,3,205,6,30,0,-1,-1,0,0,0,4,1,1,0,0,1,1,E01004506,13-03-2018
21125,77.5268257,12.99609058,1,3,2,1,4,17:05,10,E09000032,3,217,6,30,0,-1,-1,0,0,0,1,2,2,0,0,1,1,E01004578,16-03-2018
21126,77.59761467,13.01675702,1,3,2,1,2,12:10,10,E09000032,3,3216,6,30,3,4,4,224,0,0,1,1,1,0,0,1,1,E01004564,14-03-2018
21127,77.61755906,12.98084614,1,3,1,1,5,13:08,10,E09000032,3,217,6,30,0,-1,-1,0,0,5,1,2,2,0,0,1,1,E01004494,24-02-2018
21128,77.60851245,12.99380358,1,3,3,1,4,06:30,10,E09000032,3,3036,6,30,0,-1,-1,0,0,0,1,1,1,0,0,1,1,E01004551,16-03-2018
21129,77.63483631,12.96897897,1,3,1,1,2,22:40,10,E09000032,3,3205,6,30,7,2,3,3205,0,5,4,1,1,0,0,1,2,E01004541,14-03-2018
21130,77.61495252,13.00399631,1,3,2,1,7,14:25,10,E09000032,3,3,6,30,0,-1,-1,0,0,0,1,1,1,0,0,1,1,E01004514,19-03-2018
21131,77.5281517,12.99150813,1,3,2,1,6,09:12,10,E09000032,3,3220,6,30,3,4,6,0,0,0,1,1,1,0,0,1,1,E01004585,18-03-2018
21132,77.62003347,13.00369276,1,2,2,1,6,06:40,10,E09000032,3,3216,6,30,3,4,6,0,0,0,1,1,1,0,0,1,1,E01004590,18-03-2018
21133,77.66220608,12.98103053,1,3,2,1,3,17:24,10,E09000032,3,24,6,30,6,2,3,217,0,5,1,1,1,0,0,1,1,E01004525,15-03-2018
21134,77.67942846,12.98893824,1,3,2,1,7,22:39,9,E09000022,3,3036,6,30,0,-1,-1,0,0,1,4,1,1,0,0,1,3,E01003103,12-03-2018
21135,77.52394104,12.98984872,1,3,2,1,4,10:49,10,E09000032,3,3205,6,30,8,4,6,0,0,0,1,1,1,0,0,1,1,E01004509,16-03-2018
21136,77.59757193,12.97092409,1,3,2,1,3,08:27,10,E09000032,3,218,6,30,3,4,5,0,0,0,1,2,2,0,0,1,1,E01004601,22-03-2018
21137,77.65275668,13.00648884,1,3,1,1,3,19:03,10,E09000032,6,0,6,30,0,-1,-1,0,0,0,4,1,1,0,0,1,1,E01004592,08-03-2018
21138,77.54718914,13.01498785,1,3,2,1,4,10:48,10,E09000032,3,24,6,30,3,4,6,0,0,5,1,1,1,0,0,1,1,E01004474,16-03-2018
21139,77.58706645,13.0283046,1,3,2,1,7,20:27,10,E09000032,5,0,6,30,0,-1,-1,0,0,0,4,1,1,0,0,1,1,E01004584,19-03-2018
21140,77.66230806,13.03161025,1,3,4,1,2,12:43,10,E09000032,3,3,6,30,3,4,6,0,0,0,1,1,1,0,0,1,1,E01004552,14-03-2018
21141,77.65402488,12.9892623,1,3,2,1,5,11:40,10,E09000032,3,217,6,30,3,2,4,229,0,5,1,1,1,0,0,1,2,E01004492,10-03-2018
21142,77.62151695,13.01065463,1,3,3,1,4,23:25,10,E09000032,3,3036,6,30,6,2,3,3220,0,0,4,1,1,0,0,1,1,E01004585,23-03-2018
21143,77.5955092,12.99064491,1,3,2,1,2,10:30,10,E09000032,3,3,6,30,3,4,6,0,0,0,1,1,1,0,0,1,1,E01004553,21-03-2018
21144,77.54334158,13.00041351,1,3,2,1,2,18:45,10,E09000032,3,219,6,30,8,4,6,0,0,0,4,1,1,0,0,1,1,E01004506,21-03-2018
21145,77.55482738,13.01935683,1,3,3,2,6,21:06,10,E09000032,3,3036,6,30,0,-1,-1,0,0,0,4,1,1,0,0,1,1,E01004588,18-03-2018
21146,77.59456421,13.0354779,1,3,2,1,2,12:10,10,E09000032,3,3205,3,30,0,-1,-1,0,0,0,1,1,1,0,0,1,1,E01004578,21-03-2018
21147,77.51223763,13.027898,1,3,1,1,6,18:06,10,E09000032,3,3,6,30,3,2,3,3,0,5,1,1,1,0,0,1,1,E01004499,11-03-2018
21148,77.62761925,13.03956344,1,3,2,1,4,07:55,10,E09000032,3,217,6,30,6,4,3,24,0,0,1,1,1,0,0,1,2,E01004525,23-03-2018
21149,77.59932519,12.99821276,1,3,2,1,5,08:10,10,E09000032,6,0,6,30,3,4,6,0,0,0,1,1,1,0,0,1,3,E01004624,03-03-2018
21150,77.65543492,13.02425588,1,3,2,1,7,10:20,10,E09000032,3,217,6,30,3,2,6,0,0,0,1,1,1,0,0,1,1,E01004498,19-03-2018
21151,77.52952395,12.97420114,1,3,2,1,2,18:00,10,E09000032,3,24,6,30,3,4,6,0,0,0,4,1,1,0,0,1,3,E01004548,14-03-2018
21152,77.5720711,13.04299719,1,3,2,3,7,05:12,10,E09000032,3,216,6,30,3,4,6,0,0,0,1,1,1,0,0,1,2,E01004522,26-03-2018
21153,77.67197175,13.02563762,1,3,2,1,5,17:10,10,E09000032,3,3216,6,30,3,4,4,224,0,0,1,1,1,0,0,1,1,E01004564,10-03-2018
21154,77.51911831,12.97701217,1,3,4,2,6,15:55,10,E09000032,6,0,6,30,3,4,6,0,0,0,1,1,1,0,0,1,1,E01004491,18-03-2018
21155,77.67010424,13.00751179,1,3,3,1,5,13:53,10,E09000032,4,229,6,30,0,-1,-1,0,0,0,1,1,1,0,0,1,1,E01004625,24-03-2018
21156,77.51452063,12.97158,1,3,2,1,2,19:20,10,E09000032,3,24,6,30,6,4,6,0,0,0,4,1,1,0,0,1,1,E01004611,28-03-2018
21157,77.64044975,12.97652476,1,2,2,1,2,16:30,10,E09000032,3,3209,6,30,3,4,6,0,0,0,1,1,1,0,0,1,2,E01004609,21-03-2018
21158,77.59944503,13.02401393,1,3,2,1,3,16:43,9,E09000022,3,3036,3,30,3,4,5,0,0,0,1,1,1,0,0,1,1,E01003089,29-03-2018
21159,77.59620938,12.9783787,1,3,2,1,4,16:23,10,E09000032,3,3,6,30,3,4,6,0,0,0,1,1,1,0,0,1,1,E01004621,30-03-2018
21160,77.56985072,13.02095561,1,3,2,1,2,18:18,10,E09000032,3,217,6,30,7,2,5,0,0,5,4,1,1,0,0,1,1,E01004509,21-03-2018
21161,77.64866108,12.97913583,1,3,2,1,7,22:00,10,E09000032,3,3,6,30,8,4,6,0,0,0,4,1,1,0,0,1,2,E01004503,05-02-2018
21162,77.65511425,12.99291473,1,3,2,1,6,17:30,10,E09000032,6,0,6,30,0,-1,-1,0,0,0,1,1,1,0,0,1,2,E01004610,01-04-2018
21163,77.55096244,13.04710563,1,3,2,1,4,07:29,10,E09000032,5,0,6,30,3,4,3,3,0,0,1,1,1,0,0,1,3,E01004514,30-03-2018
21164,77.65077941,12.97208769,1,3,2,1,5,18:15,10,E09000032,3,3,6,30,3,4,6,0,0,0,4,1,1,0,0,1,1,E01004503,24-03-2018
21165,77.57661277,13.02328486,1,3,2,2,7,11:20,10,E09000032,3,306,6,30,0,-1,-1,0,0,5,1,1,1,0,0,1,1,E01004571,19-03-2018
21166,77.530352,13.0339571,1,3,1,1,2,16:30,10,E09000032,3,214,6,30,0,-1,-1,0,0,0,1,1,1,0,0,1,3,E01004524,28-03-2018
21167,77.61283925,12.97901009,1,3,3,1,7,08:52,10,E09000032,3,218,6,30,0,-1,-1,0,0,5,1,1,1,0,0,1,1,E01004600,02-04-2018
21168,77.62779447,12.97332716,1,3,2,1,6,09:30,10,E09000032,3,3220,6,30,6,4,6,0,0,4,1,1,1,0,0,1,1,E01004582,01-04-2018
21169,77.61036634,12.9851185,1,3,1,1,6,18:35,10,E09000032,3,3205,6,30,6,2,3,3216,0,5,1,1,1,0,0,1,1,E01004561,08-04-2018
21170,77.56735103,12.97348276,1,3,2,1,2,20:37,10,E09000032,3,217,6,30,3,4,6,0,0,0,4,1,1,0,0,1,1,E01004495,21-03-2018
21171,77.62686526,13.01395001,1,3,1,1,4,23:23,10,E09000032,3,3,6,30,0,-1,-1,0,0,0,4,1,1,0,0,1,1,E01004502,06-04-2018
21172,77.65698723,12.99558932,1,2,2,1,7,16:04,10,E09000032,3,3,6,30,7,2,3,205,0,5,1,1,1,0,0,1,1,E01004499,19-03-2018
21173,77.52884882,13.04731655,1,2,2,1,6,20:27,10,E09000032,3,24,6,30,3,4,3,24,0,0,4,1,1,0,0,1,1,E01004526,01-04-2018
21174,77.5275849,13.04286485,1,2,1,1,6,20:25,10,E09000032,5,0,6,30,3,4,6,0,0,5,4,2,2,0,0,1,1,E01004595,11-03-2018
21175,77.57143151,12.98108587,1,3,2,1,3,10:50,10,E09000032,3,214,6,30,6,2,4,229,0,0,1,1,1,0,0,1,3,E01004626,05-04-2018
21176,77.56688662,12.98987216,1,3,2,1,7,11:25,10,E09000032,3,217,2,30,3,4,3,217,0,0,1,1,1,0,0,1,1,E01004509,09-04-2018
21177,77.67473888,12.99215775,1,3,2,1,3,09:12,10,E09000032,3,306,6,30,8,4,6,0,0,0,1,1,1,0,0,1,1,E01004568,05-04-2018
21178,77.59457812,13.01942426,1,2,1,1,1,18:30,10,E09000032,3,24,6,30,6,4,6,0,0,0,1,1,1,0,0,1,2,E01004476,03-04-2018
21179,77.58529821,12.97715306,1,3,2,1,2,14:50,10,E09000032,5,0,6,30,6,4,6,0,0,0,1,1,1,0,0,1,1,E01004528,04-04-2018
21180,77.58195643,13.0351088,1,3,2,1,4,16:30,10,E09000032,3,24,6,30,3,2,4,242,0,5,1,1,1,0,0,1,1,E01004474,06-04-2018
21181,77.64131188,12.99564407,1,3,1,1,2,19:01,10,E09000032,3,3220,6,30,3,4,4,305,0,4,4,1,1,0,0,1,1,E01004583,21-03-2018
21182,77.59169771,13.01545688,1,3,1,1,4,15:55,10,E09000032,6,0,6,30,3,2,6,0,0,5,1,1,1,0,0,1,1,E01004626,13-04-2018
21183,77.60857845,12.96751371,1,3,1,1,5,15:20,9,E09000022,3,216,6,30,3,4,3,214,0,4,1,1,1,0,0,1,1,E01003119,12-05-2018
21184,77.53706094,12.99300793,1,3,2,1,2,19:22,10,E09000032,3,3205,6,30,3,4,6,0,0,0,1,1,1,0,0,1,1,E01004561,11-04-2018
21185,77.53446741,13.01263453,1,2,3,1,4,20:19,10,E09000032,3,3220,6,30,0,-1,-1,0,0,0,4,1,1,0,0,1,1,E01004577,13-04-2018
21186,77.58448101,12.99421997,1,2,2,1,7,00:24,10,E09000032,4,242,6,30,3,4,6,0,0,0,4,1,1,0,0,1,1,E01004486,16-04-2018
21187,77.57269877,12.9977933,1,3,2,1,3,18:10,10,E09000032,3,3209,6,30,3,4,6,0,0,0,1,1,1,0,0,1,1,E01004509,12-04-2018
21188,77.62222384,12.96849467,1,3,2,1,5,19:31,10,E09000032,3,3,6,30,3,4,5,0,0,0,1,2,2,0,0,1,1,E01004553,07-04-2018
21189,77.65729046,12.97191766,1,3,3,1,6,15:28,10,E09000032,3,219,1,30,1,4,3,3,0,0,1,1,1,0,0,1,1,E01004505,11-03-2018
21190,77.55831727,13.00247136,1,3,2,1,7,11:20,10,E09000032,3,3205,6,30,6,2,6,0,0,5,1,1,1,0,0,1,1,E01004538,02-04-2018
21191,77.55385276,13.02749354,1,3,2,2,2,14:47,10,E09000032,3,3205,6,30,3,2,6,0,0,5,1,1,1,0,0,1,1,E01004562,11-04-2018
21192,77.65797318,13.00139392,1,2,2,1,4,20:35,10,E09000032,3,218,6,30,3,4,3,218,0,0,4,1,1,0,0,1,1,E01004595,06-04-2018
21193,77.65390242,12.97476298,1,3,2,2,5,12:33,10,E09000032,3,3,6,30,0,-1,-1,0,0,0,1,1,1,0,0,1,1,E01004503,17-03-2018
21194,77.61527272,13.00498083,1,3,1,1,7,19:50,10,E09000032,3,306,6,30,0,-1,-1,0,0,0,4,1,1,0,0,1,1,E01004571,09-04-2018
21195,77.53957887,12.98100956,1,3,2,1,5,08:10,10,E09000032,3,24,6,30,6,4,5,0,0,0,1,1,1,0,0,1,1,E01004474,07-04-2018
21196,77.62274199,13.04153721,1,2,3,2,7,18:27,10,E09000032,3,218,6,30,3,4,5,0,0,0,1,1,1,0,0,1,1,E01004601,16-04-2018
21197,77.59946557,13.00578417,1,2,2,1,4,12:01,10,E09000032,3,218,6,30,2,4,3,218,0,0,1,2,2,0,0,1,1,E01004593,06-04-2018
21198,77.54267632,13.00399587,1,2,1,1,6,07:45,9,E09000022,3,3036,6,30,0,-1,-1,0,0,0,1,1,1,0,0,1,1,E01003037,08-04-2018